Node, Score
367, 1496
249, 1391
264, 1276
145, 1228
266, 1218
127, 1193
123, 1187
122, 1174
1317, 1131
5, 1125
251, 1119
427, 1107
149, 1071
559, 1031
353, 1018
176, 1009
4, 980
390, 980
124, 964
177, 935
7, 927
424, 918
368, 914
143, 912
369, 908
422, 908
146, 896
3, 894
125, 849
147, 840
248, 840
128, 833
144, 826
247, 810
8, 802
754, 793
9, 790
179, 778
175, 771
126, 763
121, 751
174, 735
352, 731
667, 730
2018, 729
252, 710
250, 705
246, 686
856, 685
148, 669
1245, 653
129, 643
666, 622
762, 621
717, 576
265, 576
2001, 571
423, 571
697, 492
180, 476
238, 467
753, 433
1956, 418
426, 411
946, 407
17, 386
1246, 372
586, 371
947, 367
2414, 367
718, 353
351, 332
2098, 332
31, 329
558, 323
1903, 319
698, 319
1787, 312
152, 307
731, 307
285, 303
503, 299
1022, 296
219, 296
2377, 296
755, 295
554, 293
3109, 284
823, 282
1056, 280
788, 280
983, 279
3301, 274
3149, 271
1511, 270
695, 264
1050, 261
870, 261
2086, 261
700, 261
942, 260
478, 259
1227, 257
1860, 257
261, 255
3981, 254
38, 253
1451, 252
491, 250
1842, 250
2579, 249
2059, 248
924, 248
3218, 248
813, 246
1036, 244
2975, 241
1591, 239
1608, 239
2042, 238
57, 234
1947, 234
2194, 233
3551, 233
1688, 232
2214, 232
1021, 231
1064, 231
1067, 231
108, 231
2074, 230
5338, 230
2338, 230
837, 230
892, 229
852, 228
1087, 228
940, 227
2064, 226
1575, 226
2707, 226
2254, 225
1980, 225
363, 225
459, 225
113, 224
200, 224
1001, 224
3813, 223
376, 222
2207, 221
1900, 220
260, 219
114, 217
962, 216
222, 216
921, 216
2226, 216
133, 215
1728, 215
1412, 215
1157, 214
612, 214
2228, 214
391, 214
2440, 214
2322, 213
2563, 213
2017, 212
1867, 212
3497, 212
1749, 210
2193, 206
873, 206
1800, 206
568, 206
756, 206
585, 206
513, 205
2538, 205
5566, 205
2061, 204
63, 203
2015, 202
1766, 202
377, 202
3105, 202
1217, 201
2646, 201
2787, 201
4854, 201
1068, 200
918, 200
881, 200
1288, 200
894, 200
2077, 199
3337, 199
2184, 199
5157, 199
520, 198
158, 198
164, 198
840, 198
326, 198
2875, 198
1669, 197
824, 197
4170, 197
820, 196
2394, 196
2397, 196
2652, 196
1103, 196
10, 195
1097, 195
132, 195
2411, 195
2547, 195
77, 194
2058, 194
2227, 194
325, 194
1901, 193
3002, 193
2062, 193
2383, 193
3029, 193
2785, 193
1287, 192
32, 192
262, 192
658, 192
1313, 192
1983, 191
2594, 191
2868, 191
2881, 191
2060, 190
5209, 190
822, 190
442, 190
906, 190
119, 189
826, 188
96, 188
3849, 188
2362, 188
1541, 188
2399, 188
3205, 188
1786, 187
725, 187
1999, 187
1539, 187
584, 186
4845, 186
1973, 185
922, 185
2209, 185
2215, 185
2225, 185
3164, 185
660, 184
3166, 184
759, 183
2218, 182
711, 182
4402, 182
703, 181
2071, 181
241, 181
552, 181
855, 181
693, 181
3617, 180
1509, 180
665, 179
2224, 179
527, 179
2557, 179
3168, 179
1940, 178
818, 178
3003, 178
43, 177
1894, 177
2035, 177
1023, 177
1534, 177
3163, 177
3167, 177
3767, 177
864, 176
1620, 176
710, 176
808, 175
1904, 174
534, 174
5941, 174
255, 174
412, 174
2430, 174
1492, 174
1812, 174
541, 174
3017, 174
776, 173
448, 173
1457, 173
578, 172
2063, 172
398, 172
2385, 172
626, 172
2373, 171
2595, 171
190, 170
3344, 170
736, 170
1070, 170
1071, 170
2210, 170
1233, 170
1061, 170
3481, 170
1428, 169
2200, 169
2236, 169
2773, 169
3677, 168
2337, 168
2569, 168
1297, 168
92, 167
23, 167
183, 167
2223, 167
364, 167
2409, 167
2412, 167
5300, 167
243, 166
395, 166
396, 166
4250, 166
4304, 166
2076, 165
2122, 165
2206, 165
2208, 165
2360, 165
2354, 165
2395, 165
2400, 165
1845, 165
3114, 165
1280, 165
3509, 165
4063, 165
1896, 164
2344, 164
1330, 164
2612, 164
2645, 164
2719, 164
531, 163
1726, 163
397, 163
804, 163
3243, 163
5017, 163
4539, 162
604, 162
919, 162
282, 162
418, 162
828, 162
2593, 162
757, 162
3165, 162
6039, 162
5254, 162
1902, 161
809, 161
1868, 161
532, 161
1866, 161
3304, 161
4159, 161
5048, 160
295, 160
3789, 160
4491, 160
1711, 159
2127, 159
1475, 159
3212, 159
4227, 159
2026, 158
1389, 158
2211, 158
2413, 158
2516, 158
1481, 158
889, 158
21, 157
1376, 157
898, 157
2057, 157
696, 157
1524, 157
2216, 157
2398, 157
664, 157
3489, 157
3768, 157
1895, 156
136, 156
253, 156
227, 156
814, 156
468, 156
2552, 156
3491, 156
997, 156
3343, 156
1219, 155
2237, 155
62, 155
916, 155
587, 155
982, 155
810, 155
1881, 155
3335, 155
1501, 155
1772, 155
4986, 155
5105, 155
2600, 154
998, 154
3363, 154
4587, 154
637, 153
510, 153
392, 153
2661, 153
4540, 153
3772, 153
290, 152
821, 152
1730, 152
2634, 152
102, 151
900, 151
393, 151
2578, 151
2581, 151
1143, 151
50, 150
2075, 150
2131, 150
2267, 150
2272, 150
645, 150
1424, 150
802, 150
3136, 150
4793, 150
3750, 150
3995, 150
629, 149
5171, 149
167, 149
1074, 149
1644, 149
258, 148
1394, 148
56, 148
2039, 148
1670, 148
2163, 148
917, 148
909, 148
2410, 148
2448, 148
6087, 148
995, 148
1115, 148
1606, 148
4813, 148
4855, 148
3169, 147
960, 147
110, 147
2212, 147
955, 147
2259, 147
2415, 147
2713, 147
1762, 147
4173, 147
5168, 147
5451, 147
2222, 146
2025, 146
5483, 146
2281, 146
2403, 146
2408, 146
451, 146
575, 146
2613, 146
1258, 146
1044, 146
3292, 146
3370, 146
5407, 146
1911, 145
914, 145
1349, 145
309, 145
394, 145
979, 145
850, 145
1054, 145
1034, 145
3681, 145
64, 144
2232, 144
279, 144
443, 144
2543, 144
1454, 144
2907, 144
3054, 144
1339, 144
4105, 144
1923, 143
1535, 143
778, 143
1556, 143
621, 143
1487, 143
1347, 143
2729, 143
2774, 143
1085, 143
3113, 143
5428, 143
1797, 143
1840, 143
5918, 143
2080, 142
1072, 142
944, 142
2500, 142
690, 142
1327, 142
969, 142
5140, 142
5086, 142
5474, 142
1899, 141
1946, 141
2016, 141
5940, 141
2213, 141
1571, 141
1587, 141
819, 141
740, 141
3960, 141
1240, 140
5942, 140
215, 140
1069, 140
487, 140
738, 140
2951, 140
3156, 140
4281, 140
5890, 140
5577, 140
1898, 139
1936, 139
51, 139
2053, 139
2072, 139
3066, 139
308, 139
1367, 139
1425, 139
5491, 139
1595, 139
3568, 139
5096, 139
2070, 138
142, 138
296, 138
2392, 138
1350, 138
866, 138
3362, 138
3376, 138
3669, 138
2073, 137
2078, 137
2158, 137
1197, 137
1383, 137
2396, 137
2517, 137
1027, 137
815, 137
2973, 137
3096, 137
1456, 137
4641, 137
5278, 137
1199, 136
2007, 136
1928, 136
1123, 136
2079, 136
494, 136
920, 136
2298, 136
835, 136
477, 136
1084, 136
1325, 136
3220, 136
3476, 136
4957, 136
4166, 136
4733, 136
5943, 136
915, 135
712, 135
3590, 135
2402, 135
1090, 135
4781, 135
1048, 135
3488, 135
3743, 135
3822, 135
3862, 135
5437, 135
4273, 135
4317, 135
1418, 134
1954, 134
2013, 134
5325, 134
342, 134
1030, 134
2401, 134
435, 134
649, 134
789, 134
1333, 134
1890, 134
4185, 134
5283, 134
5604, 134
2186, 133
2187, 133
883, 133
2304, 133
381, 133
583, 133
1100, 133
4706, 133
5316, 133
5525, 133
2761, 132
1955, 132
1968, 132
2031, 132
2081, 132
2984, 132
1861, 132
769, 132
452, 132
860, 132
1780, 132
3033, 132
3781, 132
1239, 132
1837, 132
4080, 132
5159, 132
4270, 132
4885, 132
5169, 132
5381, 132
5672, 132
5733, 132
2789, 131
2010, 131
103, 131
117, 131
2082, 131
1531, 131
2146, 131
2345, 131
455, 131
685, 131
2599, 131
707, 131
2961, 131
2836, 131
1540, 131
1228, 131
1458, 131
1461, 131
3336, 131
1592, 131
3888, 131
4943, 131
5091, 131
6040, 131
2524, 130
2630, 130
1476, 130
256, 130
2188, 130
311, 130
2476, 130
3786, 130
2823, 130
2898, 130
1590, 130
3460, 130
3615, 130
3907, 130
228, 129
327, 129
330, 129
1329, 129
563, 129
2968, 129
2580, 129
911, 129
1570, 129
2974, 129
3808, 129
5921, 129
2051, 128
2125, 128
2234, 128
1573, 128
440, 128
485, 128
1342, 128
2708, 128
2744, 128
1144, 128
1273, 128
3894, 128
4368, 128
4735, 128
5220, 128
5380, 128
5583, 128
2038, 127
163, 127
178, 127
5584, 127
4180, 127
2292, 127
1741, 127
2583, 127
1047, 127
1887, 127
1402, 127
3080, 127
3635, 127
6150, 127
3147, 126
2067, 126
156, 126
2119, 126
1489, 126
2134, 126
1137, 126
274, 126
303, 126
1850, 126
572, 126
2347, 126
2451, 126
476, 126
522, 126
732, 126
1326, 126
1886, 126
4844, 126
963, 126
2867, 126
2916, 126
2938, 126
2948, 126
1168, 126
3204, 126
1447, 126
3516, 126
3695, 126
3721, 126
3987, 126
4570, 126
346, 125
1974, 125
1332, 125
1089, 125
257, 125
2269, 125
347, 125
1792, 125
803, 125
2658, 125
2931, 125
1374, 125
3140, 125
1338, 125
1444, 125
3779, 125
5304, 125
4158, 125
4415, 125
5754, 125
1912, 124
1516, 124
2170, 124
1264, 124
2370, 124
2391, 124
1321, 124
2285, 124
862, 124
2288, 124
2474, 124
1589, 124
2663, 124
2723, 124
2776, 124
2791, 124
926, 124
2862, 124
2981, 124
3058, 124
1544, 124
1808, 124
3595, 124
6091, 124
6237, 124
1915, 123
1656, 123
2366, 123
73, 123
165, 123
2248, 123
280, 123
281, 123
1018, 123
1267, 123
683, 123
858, 123
989, 123
1798, 123
1039, 123
1651, 123
2964, 123
1203, 123
3480, 123
112, 122
4181, 122
458, 122
2472, 122
706, 122
2635, 122
2911, 122
1673, 122
4124, 122
4655, 122
1702, 121
1517, 121
1486, 121
786, 121
169, 121
1583, 121
432, 121
2358, 121
550, 121
928, 121
3044, 121
3207, 121
3951, 121
4129, 121
4709, 121
4678, 121
1897, 120
1907, 120
15, 120
1194, 120
2014, 120
2032, 120
2083, 120
229, 120
356, 120
2324, 120
2359, 120
1764, 120
2493, 120
2494, 120
518, 120
1132, 120
730, 120
2758, 120
937, 120
2906, 120
2966, 120
3014, 120
3180, 120
3083, 120
1289, 120
3138, 120
1684, 120
3487, 120
3992, 120
4087, 120
1906, 119
1028, 119
78, 119
2023, 119
1073, 119
2306, 119
496, 119
538, 119
1311, 119
970, 119
1127, 119
3357, 119
3463, 119
3456, 119
1713, 119
3594, 119
3804, 119
3794, 119
4092, 119
4625, 119
4966, 119
5623, 119
6179, 119
2090, 118
3715, 118
2130, 118
2278, 118
2330, 118
633, 118
2332, 118
2353, 118
3215, 118
2404, 118
3141, 118
2892, 118
2564, 118
651, 118
2598, 118
2805, 118
1568, 118
3035, 118
3221, 118
1414, 118
1528, 118
3563, 118
3801, 118
3933, 118
2201, 117
1934, 117
3593, 117
472, 117
2069, 117
2089, 117
2114, 117
184, 117
289, 117
297, 117
2839, 117
524, 117
2935, 117
529, 117
798, 117
2566, 117
1618, 117
908, 117
1026, 117
3188, 117
1817, 117
1496, 117
3334, 117
3566, 117
3550, 117
3860, 117
4237, 117
4306, 117
4758, 117
3893, 116
1364, 116
2036, 116
1306, 116
2265, 116
473, 116
469, 116
4876, 116
2528, 116
1631, 116
1224, 116
833, 116
848, 116
2923, 116
1362, 116
3247, 116
3409, 116
3415, 116
4797, 116
4408, 115
470, 115
2148, 115
2276, 115
2287, 115
1322, 115
977, 115
2532, 115
1415, 115
2453, 115
3283, 115
1430, 115
1195, 115
1689, 115
2765, 115
2960, 115
2869, 115
2885, 115
1120, 115
3119, 115
1731, 115
3530, 115
1788, 115
3921, 115
4075, 115
4280, 115
4895, 115
5475, 115
6049, 115
1905, 114
20, 114
3619, 114
3637, 114
1978, 114
191, 114
659, 114
240, 114
2230, 114
1538, 114
490, 114
4248, 114
549, 114
648, 114
2596, 114
1600, 114
2722, 114
2697, 114
1129, 114
1706, 114
1777, 114
1025, 114
2943, 114
2977, 114
1094, 114
1177, 114
3495, 114
1859, 114
4894, 114
4275, 114
4082, 114
4093, 114
4953, 113
1909, 113
1926, 113
1337, 113
1361, 113
199, 113
2189, 113
2356, 113
2393, 113
878, 113
464, 113
2450, 113
1547, 113
2561, 113
2941, 113
1503, 113
1709, 113
2746, 113
3158, 113
1437, 113
3293, 113
1637, 113
1666, 113
1723, 113
4419, 113
2169, 112
5974, 112
2219, 112
2220, 112
2257, 112
1805, 112
380, 112
2341, 112
2381, 112
416, 112
763, 112
1607, 112
576, 112
605, 112
1439, 112
750, 112
4623, 112
2657, 112
2670, 112
2769, 112
2820, 112
3146, 112
3228, 112
3328, 112
3953, 112
4371, 112
4889, 112
5376, 112
1975, 111
115, 111
141, 111
1490, 111
976, 111
2196, 111
1235, 111
1814, 111
2407, 111
453, 111
2449, 111
548, 111
567, 111
748, 111
2621, 111
2750, 111
2959, 111
1208, 111
991, 111
2888, 111
2976, 111
3771, 111
4324, 111
5125, 111
5552, 111
1982, 110
105, 110
107, 110
1846, 110
2093, 110
2132, 110
5973, 110
209, 110
751, 110
2425, 110
498, 110
553, 110
851, 110
2592, 110
886, 110
2752, 110
1784, 110
1316, 110
2982, 110
3039, 110
1504, 110
5788, 110
1519, 110
1647, 110
3616, 110
3963, 110
4051, 110
4128, 110
4934, 110
2011, 109
2034, 109
2149, 109
2154, 109
2221, 109
2181, 109
2519, 109
344, 109
2375, 109
2406, 109
456, 109
2443, 109
463, 109
2475, 109
561, 109
1854, 109
1441, 109
2636, 109
1434, 109
1335, 109
2794, 109
1007, 109
2927, 109
1401, 109
3275, 109
3417, 109
3806, 109
3903, 109
3935, 109
4017, 109
4210, 109
4288, 109
4336, 109
4644, 109
4929, 109
5858, 109
1913, 108
3840, 108
86, 108
69, 108
1969, 108
365, 108
134, 108
202, 108
2198, 108
307, 108
2255, 108
2291, 108
2305, 108
2349, 108
404, 108
1491, 108
2575, 108
2662, 108
2666, 108
2792, 108
3028, 108
1017, 108
2955, 108
1173, 108
3385, 108
1649, 108
4109, 108
3700, 108
3675, 108
4086, 108
4382, 108
4502, 108
4653, 108
4740, 108
5155, 108
5510, 108
1833, 107
45, 107
338, 107
1561, 107
1160, 107
2055, 107
871, 107
361, 107
385, 107
2384, 107
2465, 107
551, 107
2520, 107
2953, 107
4846, 107
686, 107
4072, 107
2690, 107
1024, 107
1671, 107
3050, 107
3179, 107
3299, 107
1770, 107
3702, 107
3586, 107
3672, 107
3730, 107
3770, 107
4004, 107
4297, 107
5546, 107
614, 106
106, 106
3769, 106
2027, 106
2020, 106
324, 106
203, 106
224, 106
2229, 106
343, 106
359, 106
2309, 106
406, 106
2422, 106
1824, 106
507, 106
495, 106
2477, 106
2671, 106
2537, 106
1032, 106
1162, 106
691, 106
2641, 106
2664, 106
1255, 106
913, 106
2797, 106
1829, 106
2936, 106
1852, 106
3172, 106
1377, 106
1396, 106
5490, 106
3345, 106
3364, 106
3404, 106
3411, 106
3629, 106
3698, 106
3845, 106
5056, 106
4487, 106
4998, 106
5657, 106
2, 105
1916, 105
1935, 105
49, 105
2004, 105
3956, 105
111, 105
2048, 105
2097, 105
2113, 105
2179, 105
2199, 105
2249, 105
1259, 105
2253, 105
2266, 105
2300, 105
2420, 105
474, 105
4455, 105
2568, 105
699, 105
1581, 105
2648, 105
1873, 105
1323, 105
2740, 105
1655, 105
2793, 105
3006, 105
3102, 105
1359, 105
3284, 105
4172, 105
3339, 105
3448, 105
3455, 105
1862, 105
3716, 105
3809, 105
4806, 105
4097, 105
4262, 105
4688, 105
4866, 105
1961, 104
1776, 104
2066, 104
2049, 104
1390, 104
2190, 104
231, 104
2183, 104
1305, 104
1507, 104
336, 104
1212, 104
609, 104
2361, 104
482, 104
726, 104
1171, 104
547, 104
3312, 104
910, 104
2540, 104
749, 104
2601, 104
2614, 104
2650, 104
1328, 104
2751, 104
1152, 104
2825, 104
4264, 104
3019, 104
1724, 104
3117, 104
3185, 104
1369, 104
4301, 104
3403, 104
3562, 104
3608, 104
3708, 104
3732, 104
3852, 104
4031, 104
4085, 104
4103, 104
4164, 104
4293, 104
4412, 104
4423, 104
4658, 104
4687, 104
4723, 104
5089, 104
846, 103
59, 103
1945, 103
1989, 103
118, 103
162, 103
1300, 103
268, 103
335, 103
354, 103
968, 103
2387, 103
2376, 103
4828, 103
581, 103
1427, 103
715, 103
2625, 103
3501, 103
2643, 103
2709, 103
1533, 103
3124, 103
3841, 103
3144, 103
1765, 103
3232, 103
3350, 103
1537, 103
3446, 103
3479, 103
1872, 103
3699, 103
3923, 103
3925, 103
3926, 103
5305, 103
4137, 103
4194, 103
4435, 103
4583, 103
4756, 103
1699, 102
1679, 102
1933, 102
1196, 102
1142, 102
82, 102
95, 102
2105, 102
1165, 102
714, 102
2165, 102
2275, 102
337, 102
2313, 102
387, 102
2380, 102
2405, 102
2497, 102
2479, 102
560, 102
2551, 102
1431, 102
816, 102
2736, 102
1708, 102
1408, 102
2874, 102
2901, 102
2933, 102
1031, 102
2972, 102
3110, 102
1141, 102
1849, 102
1345, 102
3259, 102
1650, 102
3524, 102
3587, 102
3684, 102
3737, 102
3740, 102
3844, 102
3895, 102
3937, 102
4130, 102
4333, 102
4670, 102
4811, 102
5110, 102
5301, 102
5314, 102
5729, 102
5734, 102
5835, 102
1920, 101
29, 101
2002, 101
2024, 101
1466, 101
263, 101
275, 101
967, 101
1789, 101
350, 101
930, 101
355, 101
437, 101
1565, 101
1522, 101
4282, 101
2502, 101
570, 101
2535, 101
2546, 101
661, 101
834, 101
1885, 101
2683, 101
1223, 101
1122, 101
2996, 101
2997, 101
1175, 101
4891, 101
3418, 101
3457, 101
3680, 101
3543, 101
3807, 101
3797, 101
4438, 101
3856, 101
3927, 101
3918, 101
3930, 101
4020, 101
4058, 101
4245, 101
4643, 101
4754, 101
5229, 101
5080, 101
5128, 101
5988, 101
1917, 100
1604, 100
76, 100
211, 100
2037, 100
173, 100
2429, 100
2185, 100
414, 100
2235, 100
1004, 100
627, 100
2274, 100
2350, 100
2364, 100
2470, 100
2492, 100
481, 100
2558, 100
2626, 100
2628, 100
2678, 100
2673, 100
2689, 100
2733, 100
830, 100
849, 100
863, 100
867, 100
904, 100
2798, 100
2842, 100
2860, 100
3031, 100
1291, 100
2940, 100
3323, 100
3095, 100
3127, 100
1530, 100
3223, 100
1384, 100
1636, 100
3378, 100
3701, 100
3557, 100
3687, 100
3735, 100
3882, 100
3962, 100
4043, 100
4426, 100
4286, 100
4307, 100
4439, 100
4599, 100
4739, 100
5118, 100
1930, 99
2008, 99
2068, 99
2197, 99
341, 99
2261, 99
2336, 99
2433, 99
484, 99
2837, 99
2534, 99
2582, 99
2570, 99
674, 99
2615, 99
760, 99
2716, 99
800, 99
2748, 99
2770, 99
884, 99
2783, 99
2847, 99
2897, 99
1192, 99
3120, 99
3194, 99
3190, 99
3319, 99
3352, 99
3392, 99
3467, 99
3570, 99
3580, 99
3682, 99
3915, 99
4315, 99
4242, 99
4257, 99
4321, 99
4578, 99
5688, 99
4961, 99
5016, 99
13, 98
1942, 98
1976, 98
116, 98
1193, 98
2084, 98
2480, 98
4945, 98
872, 98
2133, 98
2159, 98
213, 98
2432, 98
2162, 98
2164, 98
1564, 98
2176, 98
779, 98
1891, 98
323, 98
388, 98
882, 98
3485, 98
5501, 98
462, 98
486, 98
582, 98
2507, 98
877, 98
1609, 98
1557, 98
2726, 98
1324, 98
1146, 98
1397, 98
932, 98
1249, 98
3030, 98
1016, 98
1038, 98
1720, 98
3148, 98
3027, 98
3046, 98
3053, 98
3070, 98
3213, 98
3260, 98
3397, 98
3581, 98
3705, 98
3934, 98
3982, 98
3993, 98
4001, 98
4012, 98
4022, 98
5645, 98
4077, 98
4192, 98
4332, 98
4380, 98
4425, 98
4526, 98
4838, 98
4883, 98
4880, 98
5211, 98
14, 97
2167, 97
54, 97
1967, 97
2050, 97
411, 97
2111, 97
182, 97
193, 97
208, 97
893, 97
632, 97
2241, 97
1052, 97
370, 97
2310, 97
382, 97
483, 97
535, 97
1512, 97
2499, 97
566, 97
1275, 97
602, 97
1040, 97
869, 97
2572, 97
684, 97
2617, 97
2639, 97
2629, 97
2642, 97
2720, 97
758, 97
2768, 97
2884, 97
1536, 97
1042, 97
2995, 97
1138, 97
3217, 97
3235, 97
3282, 97
1549, 97
3377, 97
3395, 97
1652, 97
1654, 97
3416, 97
3515, 97
3535, 97
3574, 97
3598, 97
3717, 97
3733, 97
3760, 97
3868, 97
4068, 97
4113, 97
4118, 97
4200, 97
5452, 97
4584, 97
4619, 97
4789, 97
4801, 97
4871, 97
4882, 97
5850, 97
1979, 96
120, 96
2115, 96
2138, 96
2143, 96
198, 96
2151, 96
292, 96
2279, 96
345, 96
358, 96
2333, 96
389, 96
1077, 96
676, 96
2468, 96
450, 96
2498, 96
2584, 96
1827, 96
3112, 96
1309, 96
1628, 96
744, 96
1417, 96
771, 96
2693, 96
2705, 96
4695, 96
2756, 96
2759, 96
2886, 96
2909, 96
1221, 96
2944, 96
1049, 96
3081, 96
1261, 96
3133, 96
3196, 96
3209, 96
3227, 96
3242, 96
3257, 96
3534, 96
3596, 96
3713, 96
3788, 96
3795, 96
3891, 96
4065, 96
4193, 96
4236, 96
4338, 96
4559, 96
4629, 96
5051, 96
5100, 96
5146, 96
5406, 96
1929, 95
71, 95
1958, 95
1984, 95
94, 95
2028, 95
2107, 95
218, 95
378, 95
2311, 95
1733, 95
1019, 95
492, 95
571, 95
5570, 95
747, 95
652, 95
4624, 95
2686, 95
2790, 95
2871, 95
2866, 95
2870, 95
1086, 95
1645, 95
3022, 95
3023, 95
1179, 95
3134, 95
1310, 95
3193, 95
3224, 95
3310, 95
3327, 95
3329, 95
3406, 95
3526, 95
3569, 95
3618, 95
3728, 95
5175, 95
5116, 95
3959, 95
4014, 95
4096, 95
4183, 95
4206, 95
4251, 95
4447, 95
4462, 95
5403, 95
4507, 95
4563, 95
4693, 95
4779, 95
5126, 95
5291, 95
5344, 95
5682, 95
1378, 94
53, 94
2094, 94
1274, 94
3219, 94
842, 94
155, 94
171, 94
1358, 94
2264, 94
331, 94
1888, 94
2334, 94
2335, 94
1234, 94
2348, 94
825, 94
3309, 94
2461, 94
642, 94
2541, 94
770, 94
2698, 94
782, 94
811, 94
5224, 94
2734, 94
2737, 94
832, 94
2757, 94
902, 94
2779, 94
2812, 94
2813, 94
2857, 94
2880, 94
3084, 94
3097, 94
1278, 94
3266, 94
1515, 94
5916, 94
1574, 94
1615, 94
1658, 94
3405, 94
3453, 94
3523, 94
3724, 94
3798, 94
4016, 94
4066, 94
4165, 94
4186, 94
4303, 94
4422, 94
4459, 94
4640, 94
4503, 94
4508, 94
4520, 94
4679, 94
4719, 94
4872, 94
4915, 94
5281, 94
5617, 94
5635, 94
5967, 94
1944, 93
1997, 93
1865, 93
2129, 93
2431, 93
230, 93
235, 93
302, 93
2262, 93
1477, 93
436, 93
500, 93
573, 93
2515, 93
3171, 93
1392, 93
2554, 93
628, 93
874, 93
1365, 93
1653, 93
1156, 93
2684, 93
2706, 93
777, 93
2764, 93
945, 93
1385, 93
3162, 93
3211, 93
3233, 93
1438, 93
1505, 93
3331, 93
1822, 93
1635, 93
1685, 93
3469, 93
3577, 93
3589, 93
3678, 93
3707, 93
3759, 93
3823, 93
3826, 93
3854, 93
3906, 93
3924, 93
6001, 93
4339, 93
4383, 93
4414, 93
4469, 93
4654, 93
4676, 93
4752, 93
4783, 93
4852, 93
4928, 93
5180, 93
5196, 93
5299, 93
5868, 93
5434, 93
5473, 93
5477, 93
5881, 93
5678, 93
5828, 93
5962, 93
18, 92
1921, 92
1624, 92
1914, 92
1922, 92
1939, 92
1198, 92
2204, 92
1150, 92
446, 92
2368, 92
232, 92
315, 92
2307, 92
375, 92
2374, 92
799, 92
2784, 92
479, 92
508, 92
2490, 92
1482, 92
765, 92
2518, 92
4477, 92
2523, 92
669, 92
679, 92
704, 92
2637, 92
1803, 92
2654, 92
741, 92
2669, 92
817, 92
1863, 92
891, 92
1272, 92
941, 92
2826, 92
1140, 92
2900, 92
1079, 92
3020, 92
3038, 92
1169, 92
3079, 92
3115, 92
3126, 92
3178, 92
1767, 92
3290, 92
3471, 92
3475, 92
3756, 92
3988, 92
3886, 92
3916, 92
5724, 92
3942, 92
3949, 92
3967, 92
3975, 92
4053, 92
4050, 92
4328, 92
4363, 92
4436, 92
5001, 92
4573, 92
4568, 92
4663, 92
4912, 92
4919, 92
5049, 92
5097, 92
5101, 92
5053, 92
5188, 92
5287, 92
5392, 92
5601, 92
5837, 92
5860, 92
6041, 92
1836, 91
3874, 91
41, 91
3065, 91
58, 91
60, 91
1943, 91
1994, 91
1948, 91
1952, 91
2005, 91
1972, 91
2205, 91
2040, 91
2088, 91
4463, 91
2120, 91
221, 91
2217, 91
2191, 91
2202, 91
286, 91
294, 91
2317, 91
386, 91
407, 91
1002, 91
2418, 91
2445, 91
523, 91
721, 91
2611, 91
2618, 91
2653, 91
1435, 91
938, 91
2799, 91
2822, 91
1781, 91
2858, 91
2928, 91
3462, 91
2942, 91
2949, 91
3000, 91
4499, 91
3055, 91
3170, 91
3225, 91
4132, 91
3314, 91
3347, 91
1665, 91
1714, 91
1740, 91
1768, 91
1801, 91
3632, 91
3863, 91
3892, 91
3932, 91
3996, 91
4002, 91
4015, 91
4088, 91
4136, 91
4205, 91
4369, 91
4375, 91
4376, 91
5779, 91
4484, 91
4586, 91
4657, 91
4765, 91
6138, 91
4950, 91
5081, 91
5085, 91
5261, 91
5636, 91
5667, 91
5781, 91
5950, 91
965, 90
1971, 90
1965, 90
81, 90
83, 90
1985, 90
2054, 90
159, 90
2155, 90
2166, 90
314, 90
2182, 90
1303, 90
838, 90
1095, 90
313, 90
2282, 90
2303, 90
2308, 90
2452, 90
2456, 90
2491, 90
4515, 90
607, 90
635, 90
2603, 90
2619, 90
2655, 90
2660, 90
2675, 90
2743, 90
2796, 90
933, 90
3777, 90
2848, 90
2850, 90
987, 90
2947, 90
1066, 90
3018, 90
3064, 90
3069, 90
3091, 90
3093, 90
3236, 90
1526, 90
1542, 90
1559, 90
3439, 90
3461, 90
3473, 90
1715, 90
3510, 90
3547, 90
3683, 90
3694, 90
3731, 90
3738, 90
3763, 90
3780, 90
5115, 90
3991, 90
4007, 90
4373, 90
4009, 90
4035, 90
4039, 90
4037, 90
4062, 90
4111, 90
4223, 90
4189, 90
4404, 90
4549, 90
4553, 90
4609, 90
4839, 90
4804, 90
4809, 90
4857, 90
4908, 90
5074, 90
5121, 90
5182, 90
5272, 90
5764, 90
5783, 90
5820, 90
6255, 90
1701, 89
1950, 89
1981, 89
1991, 89
2106, 89
2126, 89
2152, 89
2177, 89
1284, 89
2233, 89
271, 89
293, 89
2312, 89
2325, 89
415, 89
420, 89
2441, 89
466, 89
2481, 89
2462, 89
1471, 89
1782, 89
606, 89
643, 89
796, 89
680, 89
2602, 89
694, 89
3726, 89
2681, 89
2672, 89
2677, 89
1003, 89
1717, 89
2767, 89
4892, 89
1320, 89
1006, 89
2932, 89
3061, 89
3077, 89
1211, 89
3082, 89
1248, 89
1252, 89
3125, 89
1348, 89
3184, 89
1375, 89
4825, 89
3229, 89
1462, 89
4359, 89
3340, 89
1572, 89
1599, 89
1677, 89
1695, 89
3511, 89
1761, 89
3564, 89
3578, 89
3599, 89
3674, 89
3729, 89
3851, 89
3843, 89
3861, 89
3908, 89
3946, 89
3979, 89
4054, 89
4059, 89
4079, 89
4133, 89
4364, 89
4407, 89
4421, 89
4689, 89
4690, 89
4694, 89
4720, 89
4960, 89
5008, 89
5012, 89
5256, 89
5268, 89
5296, 89
5355, 89
5396, 89
5522, 89
5708, 89
5882, 89
6214, 89
6243, 89
6287, 89
1700, 88
52, 88
1988, 88
89, 88
2033, 88
2052, 88
172, 88
196, 88
2173, 88
1892, 88
298, 88
312, 88
2268, 88
334, 88
2290, 88
2293, 88
996, 88
4254, 88
1370, 88
2486, 88
4979, 88
2505, 88
5237, 88
2555, 88
668, 88
677, 88
2616, 88
2620, 88
2638, 88
2649, 88
739, 88
795, 88
859, 88
1738, 88
2766, 88
1213, 88
2814, 88
2859, 88
2861, 88
984, 88
2889, 88
1005, 88
2904, 88
2920, 88
1037, 88
3111, 88
1134, 88
3057, 88
1172, 88
1189, 88
3092, 88
1299, 88
3159, 88
1388, 88
3230, 88
3289, 88
3300, 88
3322, 88
1529, 88
3346, 88
3365, 88
3368, 88
3442, 88
3538, 88
3582, 88
3612, 88
3720, 88
3749, 88
5173, 88
3833, 88
3912, 88
3897, 88
3919, 88
6108, 88
4018, 88
4036, 88
4074, 88
4084, 88
4115, 88
4156, 88
4203, 88
4868, 88
4311, 88
4355, 88
4385, 88
4400, 88
4432, 88
4457, 88
4453, 88
4474, 88
4551, 88
4571, 88
4812, 88
4983, 88
5003, 88
5024, 88
5099, 88
5156, 88
5245, 88
5884, 88
5633, 88
5626, 88
5731, 88
5730, 88
5663, 88
5844, 88
5865, 88
5980, 88
5997, 88
6172, 88
6189, 88
1960, 87
97, 87
2389, 87
214, 87
288, 87
2243, 87
681, 87
2294, 87
2295, 87
1716, 87
5014, 87
2435, 87
2444, 87
4207, 87
2484, 87
480, 87
493, 87
505, 87
509, 87
4980, 87
530, 87
4516, 87
564, 87
2527, 87
630, 87
2606, 87
2607, 87
1690, 87
2624, 87
1107, 87
1380, 87
780, 87
839, 87
841, 87
845, 87
1775, 87
2747, 87
2838, 87
2841, 87
2918, 87
1029, 87
1059, 87
1060, 87
3015, 87
1167, 87
3047, 87
1178, 87
3071, 87
4906, 87
3116, 87
1277, 87
1281, 87
3129, 87
3202, 87
1387, 87
3277, 87
4635, 87
1554, 87
1563, 87
1791, 87
3401, 87
3402, 87
3407, 87
1719, 87
3494, 87
3505, 87
3507, 87
1826, 87
3579, 87
3609, 87
3723, 87
3734, 87
3764, 87
3855, 87
3858, 87
3900, 87
3917, 87
4067, 87
4501, 87
3977, 87
4081, 87
4114, 87
4157, 87
4190, 87
4285, 87
4406, 87
4330, 87
4395, 87
4381, 87
4437, 87
4448, 87
4511, 87
4741, 87
4762, 87
4770, 87
4788, 87
4802, 87
4874, 87
5337, 87
5004, 87
6241, 87
5205, 87
5298, 87
5377, 87
5500, 87
5507, 87
5529, 87
5545, 87
5569, 87
5611, 87
5727, 87
5756, 87
5769, 87
5822, 87
5920, 87
6002, 87
6007, 87
6140, 87
6183, 87
6261, 87
1949, 86
1957, 86
1020, 86
201, 86
234, 86
774, 86
2314, 86
1334, 86
379, 86
5484, 86
2488, 86
521, 86
2504, 86
1790, 86
5571, 86
598, 86
1426, 86
678, 86
687, 86
761, 86
2687, 86
793, 86
1351, 86
2760, 86
2778, 86
2818, 86
986, 86
1062, 86
1080, 86
1081, 86
3008, 86
3013, 86
4495, 86
3056, 86
1170, 86
3100, 86
3104, 86
3067, 86
3132, 86
3142, 86
3143, 86
1754, 86
5241, 86
3281, 86
1407, 86
3270, 86
3296, 86
1480, 86
1548, 86
1578, 86
1597, 86
3393, 86
3386, 86
3414, 86
3572, 86
3486, 86
3565, 86
3879, 86
3989, 86
4738, 86
4064, 86
4091, 86
4098, 86
4143, 86
4171, 86
4230, 86
4249, 86
4295, 86
4296, 86
4344, 86
4341, 86
4441, 86
4461, 86
4464, 86
4472, 86
4639, 86
4701, 86
4707, 86
4799, 86
4865, 86
4877, 86
4913, 86
4921, 86
4935, 86
5002, 86
5131, 86
5250, 86
5319, 86
5354, 86
5368, 86
5524, 86
5534, 86
5554, 86
5615, 86
5616, 86
5643, 86
5977, 86
6005, 86
6096, 86
6112, 86
6216, 86
11, 85
26, 85
1925, 85
2893, 85
79, 85
104, 85
2087, 85
150, 85
2121, 85
272, 85
1202, 85
1371, 85
291, 85
300, 85
321, 85
2319, 85
4153, 85
2302, 85
1236, 85
433, 85
457, 85
1485, 85
2495, 85
526, 85
4318, 85
2529, 85
2531, 85
644, 85
657, 85
702, 85
2640, 85
854, 85
2781, 85
2802, 85
2821, 85
2846, 85
958, 85
2854, 85
1191, 85
2914, 85
2971, 85
1135, 85
3004, 85
3032, 85
1180, 85
3086, 85
1279, 85
3137, 85
1298, 85
3152, 85
3173, 85
3174, 85
3288, 85
3303, 85
3356, 85
3371, 85
3384, 85
3389, 85
3549, 85
3591, 85
3613, 85
3799, 85
3634, 85
3671, 85
3752, 85
3811, 85
5310, 85
3968, 85
3978, 85
4042, 85
4090, 85
4202, 85
4213, 85
4234, 85
4241, 85
5154, 85
4405, 85
4309, 85
4352, 85
4354, 85
4397, 85
5324, 85
5326, 85
5404, 85
4622, 85
4661, 85
4702, 85
4819, 85
4947, 85
5018, 85
5361, 85
5321, 85
5530, 85
5644, 85
5748, 85
5790, 85
6063, 85
6291, 85
1919, 84
901, 84
34, 84
47, 84
907, 84
2009, 84
67, 84
1986, 84
135, 84
1831, 84
153, 84
2112, 84
170, 84
2117, 84
2372, 84
223, 84
226, 84
318, 84
2244, 84
2246, 84
1755, 84
2327, 84
371, 84
1230, 84
951, 84
2378, 84
3306, 84
2419, 84
2424, 84
488, 84
569, 84
619, 84
876, 84
2597, 84
2679, 84
791, 84
2754, 84
2835, 84
2844, 84
973, 84
1033, 84
2993, 84
2978, 84
1092, 84
3021, 84
3016, 84
4711, 84
3122, 84
3154, 84
3151, 84
3182, 84
3175, 84
3238, 84
3273, 84
1420, 84
3374, 84
1560, 84
3351, 84
1672, 84
3571, 84
3502, 84
3514, 84
1809, 84
3636, 84
3722, 84
3819, 84
3883, 84
3885, 84
3890, 84
3994, 84
4033, 84
4060, 84
4094, 84
4191, 84
4221, 84
4362, 84
4431, 84
5179, 84
5634, 84
4492, 84
4518, 84
4597, 84
4603, 84
4664, 84
4681, 84
4708, 84
4727, 84
4778, 84
4869, 84
4873, 84
4924, 84
4971, 84
5889, 84
5041, 84
5059, 84
5073, 84
5161, 84
5222, 84
5345, 84
5327, 84
5350, 84
5384, 84
5436, 84
5431, 84
5564, 84
5679, 84
5867, 84
5875, 84
5911, 84
5945, 84
6027, 84
6033, 84
6120, 84
6126, 84
1910, 83
25, 83
1962, 83
91, 83
2006, 83
137, 83
138, 83
2091, 83
188, 83
233, 83
244, 83
322, 83
2277, 83
2283, 83
348, 83
2301, 83
2326, 83
409, 83
434, 83
2417, 83
2423, 83
2427, 83
2439, 83
722, 83
574, 83
2511, 83
5236, 83
620, 83
638, 83
2605, 83
5139, 83
2714, 83
1151, 83
5629, 83
831, 83
2772, 83
2786, 83
1747, 83
2828, 83
2903, 83
2945, 83
1176, 83
3007, 83
1331, 83
1344, 83
1253, 83
3249, 83
1433, 83
1445, 83
3325, 83
3358, 83
1602, 83
1622, 83
3383, 83
3443, 83
3466, 83
3470, 83
1745, 83
3519, 83
1771, 83
3531, 83
3539, 83
1794, 83
1795, 83
3604, 83
3714, 83
3796, 83
3836, 83
6122, 83
3969, 83
4038, 83
4045, 83
4101, 83
4150, 83
4151, 83
4134, 83
4160, 83
5417, 83
4443, 83
4512, 83
4613, 83
5638, 83
4668, 83
4677, 83
4691, 83
4743, 83
4795, 83
4940, 83
4955, 83
4976, 83
4978, 83
5037, 83
5050, 83
5135, 83
5221, 83
5323, 83
5285, 83
5336, 83
5362, 83
5364, 83
5378, 83
5412, 83
5425, 83
5457, 83
5463, 83
5467, 83
5512, 83
5608, 83
5685, 83
5816, 83
5866, 83
5869, 83
5886, 83
5913, 83
5978, 83
6171, 83
40, 82
3999, 82
85, 82
2065, 82
130, 82
2103, 82
2108, 82
187, 82
212, 82
1301, 82
600, 82
843, 82
1734, 82
980, 82
2343, 82
2382, 82
1256, 82
640, 82
430, 82
2428, 82
2447, 82
2463, 82
1352, 82
489, 82
579, 82
556, 82
597, 82
2633, 82
2587, 82
2589, 82
705, 82
727, 82
728, 82
2656, 82
2667, 82
2668, 82
2712, 82
2703, 82
2735, 82
868, 82
888, 82
1292, 82
2819, 82
2810, 82
2827, 82
956, 82
2852, 82
990, 82
2930, 82
2958, 82
1058, 82
1063, 82
2989, 82
2994, 82
2986, 82
1155, 82
1166, 82
3051, 82
3060, 82
1225, 82
1229, 82
3121, 82
1727, 82
3250, 82
1400, 82
1472, 82
3318, 82
1513, 82
1545, 82
1552, 82
3341, 82
1612, 82
1675, 82
3472, 82
1815, 82
1830, 82
3606, 82
3621, 82
1877, 82
3625, 82
3652, 82
3696, 82
3710, 82
3718, 82
3727, 82
3754, 82
3775, 82
3848, 82
3980, 82
3973, 82
4027, 82
4046, 82
4095, 82
4102, 82
5449, 82
4147, 82
4198, 82
4215, 82
4217, 82
4219, 82
4276, 82
5277, 82
4377, 82
4403, 82
4391, 82
4413, 82
4440, 82
4444, 82
4536, 82
4600, 82
4616, 82
4650, 82
4660, 82
4665, 82
4704, 82
4721, 82
4771, 82
4772, 82
4776, 82
4796, 82
4823, 82
4835, 82
4863, 82
4904, 82
4982, 82
5027, 82
5040, 82
5068, 82
5112, 82
5136, 82
5210, 82
5260, 82
5333, 82
5348, 82
5352, 82
5469, 82
5527, 82
5557, 82
5573, 82
5618, 82
5689, 82
5704, 82
5703, 82
5824, 82
5831, 82
5912, 82
5981, 82
5999, 82
6030, 82
6296, 82
1, 81
30, 81
957, 81
100, 81
1041, 81
2021, 81
2041, 81
2045, 81
269, 81
2284, 81
2323, 81
460, 81
2482, 81
501, 81
504, 81
2503, 81
557, 81
2559, 81
2544, 81
2548, 81
623, 81
673, 81
682, 81
2590, 81
3459, 81
734, 81
2710, 81
2694, 81
2701, 81
2718, 81
792, 81
812, 81
2749, 81
879, 81
2788, 81
2803, 81
2855, 81
2991, 81
2999, 81
3024, 81
1163, 81
5009, 81
1182, 81
3073, 81
3709, 81
1294, 81
3239, 81
3216, 81
1379, 81
5494, 81
3253, 81
3280, 81
1393, 81
1495, 81
1502, 81
3326, 81
5895, 81
3360, 81
1667, 81
3433, 81
3464, 81
1807, 81
3558, 81
1832, 81
3614, 81
1875, 81
3650, 81
3679, 81
3691, 81
3697, 81
3725, 81
3748, 81
5177, 81
3774, 81
5170, 81
3831, 81
3842, 81
3936, 81
3945, 81
3950, 81
4003, 81
4024, 81
4044, 81
4107, 81
5450, 81
4232, 81
4240, 81
4305, 81
4327, 81
5777, 81
4537, 81
4445, 81
4504, 81
4522, 81
4566, 81
4628, 81
4648, 81
4652, 81
4672, 81
4698, 81
4766, 81
4792, 81
4836, 81
4864, 81
5267, 81
4992, 81
5007, 81
5023, 81
5072, 81
5149, 81
5193, 81
5219, 81
5240, 81
5288, 81
5332, 81
5349, 81
5400, 81
5441, 81
5472, 81
5481, 81
5498, 81
5553, 81
5606, 81
5716, 81
5660, 81
5539, 81
6060, 81
6023, 81
6046, 81
6290, 81
1918, 80
1703, 80
55, 80
74, 80
3052, 80
1953, 80
2203, 80
1990, 80
2046, 80
2099, 80
2147, 80
2150, 80
2175, 80
270, 80
301, 80
306, 80
2258, 80
333, 80
2296, 80
357, 80
2339, 80
2379, 80
419, 80
5015, 80
2437, 80
2469, 80
447, 80
1488, 80
2457, 80
517, 80
4319, 80
875, 80
653, 80
2574, 80
2571, 80
1411, 80
2585, 80
692, 80
720, 80
2651, 80
2711, 80
2702, 80
785, 80
2715, 80
853, 80
885, 80
2804, 80
2815, 80
935, 80
2832, 80
959, 80
2843, 80
1779, 80
971, 80
2905, 80
5107, 80
2937, 80
1750, 80
1045, 80
1139, 80
1882, 80
3048, 80
1209, 80
1250, 80
1269, 80
3123, 80
3183, 80
3187, 80
1354, 80
3240, 80
3214, 80
3252, 80
1422, 80
1423, 80
1452, 80
3349, 80
3367, 80
1639, 80
3396, 80
3398, 80
3400, 80
1663, 80
3421, 80
1691, 80
3465, 80
1712, 80
3496, 80
3499, 80
1756, 80
1802, 80
3607, 80
3633, 80
5541, 80
3846, 80
3871, 80
5343, 80
3896, 80
4040, 80
4069, 80
4076, 80
4083, 80
4119, 80
4149, 80
4263, 80
4177, 80
4199, 80
4231, 80
4298, 80
4360, 80
4357, 80
4366, 80
4367, 80
4452, 80
4460, 80
5405, 80
4545, 80
4554, 80
4575, 80
4617, 80
4621, 80
4646, 80
4718, 80
4824, 80
4798, 80
4848, 80
4849, 80
4897, 80
4931, 80
5939, 80
4988, 80
5084, 80
5103, 80
5186, 80
5187, 80
5191, 80
5315, 80
5328, 80
5334, 80
5346, 80
5365, 80
5393, 80
5419, 80
5429, 80
5504, 80
5508, 80
5528, 80
5603, 80
5605, 80
5612, 80
5680, 80
5690, 80
5700, 80
5706, 80
5732, 80
5775, 80
5782, 80
5809, 80
5863, 80
5902, 80
6293, 80
5885, 80
5922, 80
5975, 80
6097, 80
6144, 80
6149, 80
6152, 80
101, 79
65, 79
1996, 79
1977, 79
140, 79
4944, 79
1598, 79
2104, 79
195, 79
283, 79
329, 79
2280, 79
2286, 79
2297, 79
2421, 79
2442, 79
2460, 79
577, 79
565, 79
610, 79
6131, 79
713, 79
2721, 79
767, 79
2696, 79
923, 79
925, 79
931, 79
2853, 79
2864, 79
2879, 79
2910, 79
1010, 79
2915, 79
2917, 79
5106, 79
2965, 79
1043, 79
2992, 79
1099, 79
1109, 79
1118, 79
3025, 79
1207, 79
1251, 79
1763, 79
3150, 79
3181, 79
3192, 79
3177, 79
1642, 79
5487, 79
5717, 79
1395, 79
3231, 79
4818, 79
1605, 79
1659, 79
3449, 79
3427, 79
1696, 79
3444, 79
3445, 79
1739, 79
1744, 79
3512, 79
1769, 79
3546, 79
1821, 79
1848, 79
3605, 79
3620, 79
3736, 79
3778, 79
3810, 79
3821, 79
3815, 79
3931, 79
3958, 79
4052, 79
4148, 79
5600, 79
4174, 79
4201, 79
4235, 79
5418, 79
4261, 79
4265, 79
4278, 79
4291, 79
4292, 79
4365, 79
4394, 79
4386, 79
4430, 79
4428, 79
4450, 79
4486, 79
4524, 79
4525, 79
4560, 79
4580, 79
4589, 79
4699, 79
4964, 79
4975, 79
5496, 79
5030, 79
5124, 79
5057, 79
5094, 79
5147, 79
5181, 79
5265, 79
5353, 79
5351, 79
5470, 79
5482, 79
5511, 79
5580, 79
5589, 79
5593, 79
5627, 79
5684, 79
5707, 79
5719, 79
5749, 79
5792, 79
5854, 79
5871, 79
5872, 79
5947, 79
6068, 79
6160, 79
6, 78
24, 78
1927, 78
1941, 78
1959, 78
87, 78
2022, 78
1752, 78
189, 78
2371, 78
2141, 78
2171, 78
254, 78
267, 78
276, 78
284, 78
2238, 78
305, 78
2316, 78
1231, 78
2355, 78
2471, 78
438, 78
2416, 78
5476, 78
454, 78
2487, 78
5238, 78
5239, 78
2533, 78
590, 78
689, 78
2609, 78
1594, 78
2627, 78
719, 78
737, 78
2665, 78
847, 78
2745, 78
1336, 78
880, 78
895, 78
2782, 78
2856, 78
1319, 78
2887, 78
1013, 78
2954, 78
1057, 78
1105, 78
3005, 78
3010, 78
5520, 78
1214, 78
1215, 78
5312, 78
3087, 78
3155, 78
3201, 78
3237, 78
3245, 78
3256, 78
3261, 78
3279, 78
5414, 78
3338, 78
1582, 78
3366, 78
1601, 78
3419, 78
3423, 78
3440, 78
1694, 78
3450, 78
3527, 78
3541, 78
1806, 78
3542, 78
3623, 78
1889, 78
1893, 78
3651, 78
3787, 78
5172, 78
5174, 78
3837, 78
3839, 78
5958, 78
3929, 78
3997, 78
4006, 78
4055, 78
4071, 78
4141, 78
4222, 78
4214, 78
4312, 78
4334, 78
4348, 78
4350, 78
4358, 78
4388, 78
4389, 78
4434, 78
4442, 78
4451, 78
4468, 78
4519, 78
4544, 78
4576, 78
4614, 78
4638, 78
4667, 78
4749, 78
4777, 78
4847, 78
4859, 78
4861, 78
4887, 78
4890, 78
4909, 78
4922, 78
5852, 78
4939, 78
4942, 78
5088, 78
5020, 78
5029, 78
5070, 78
5815, 78
5111, 78
5202, 78
5217, 78
5280, 78
5292, 78
5395, 78
5421, 78
5442, 78
5535, 78
5591, 78
5697, 78
5723, 78
5746, 78
5662, 78
5666, 78
5760, 78
5845, 78
5908, 78
5949, 78
5953, 78
5972, 78
5976, 78
6161, 78
6197, 78
6246, 78
6267, 78
6278, 78
33, 77
70, 77
2047, 77
2100, 77
151, 77
2135, 77
2144, 77
206, 77
2157, 77
217, 77
339, 77
2331, 77
2321, 77
2320, 77
1232, 77
2351, 77
2467, 77
562, 77
2539, 77
591, 77
616, 77
5880, 77
671, 77
2622, 77
3654, 77
2659, 77
768, 77
2699, 77
2695, 77
801, 77
1707, 77
2840, 77
4973, 77
1318, 77
2957, 77
2970, 77
1088, 77
1130, 77
1158, 77
4497, 77
1184, 77
3059, 77
3076, 77
3094, 77
1262, 77
1282, 77
3153, 77
1295, 77
3200, 77
3189, 77
1355, 77
1391, 77
3258, 77
1718, 77
3302, 77
1614, 77
3380, 77
3477, 77
1729, 77
3528, 77
3504, 77
1774, 77
3548, 77
1853, 77
1876, 77
3631, 77
3719, 77
3757, 77
3746, 77
3827, 77
3828, 77
3864, 77
3877, 77
3881, 77
3913, 77
3954, 77
3966, 77
3983, 77
4013, 77
4032, 77
4030, 77
4127, 77
4145, 77
4131, 77
5840, 77
4162, 77
4178, 77
4197, 77
4300, 77
4343, 77
4370, 77
4416, 77
4424, 77
4532, 77
4478, 77
4528, 77
4534, 77
5931, 77
6071, 77
4550, 77
4581, 77
4647, 77
4713, 77
4744, 77
4746, 77
4763, 77
4780, 77
4787, 77
4791, 77
4808, 77
4816, 77
4822, 77
4831, 77
4851, 77
4893, 77
4903, 77
5823, 77
4969, 77
5130, 77
5148, 77
5203, 77
5249, 77
5269, 77
5341, 77
5371, 77
5372, 77
5415, 77
5445, 77
5456, 77
5568, 77
5676, 77
5696, 77
5709, 77
5715, 77
5745, 77
5751, 77
5759, 77
5767, 77
5771, 77
5773, 77
5933, 77
5946, 77
5982, 77
5998, 77
6085, 77
6090, 77
6103, 77
6104, 77
6119, 77
6159, 77
6164, 77
6210, 77
6275, 77
6288, 77
16, 76
1937, 76
1963, 76
2003, 76
2029, 76
2030, 76
2044, 76
2085, 76
157, 76
166, 76
168, 76
2124, 76
2118, 76
2142, 76
1343, 76
236, 76
2192, 76
316, 76
2270, 76
2318, 76
5013, 76
2485, 76
514, 76
2506, 76
2513, 76
2553, 76
654, 76
2608, 76
5137, 76
5138, 76
2731, 76
4878, 76
5628, 76
857, 76
2742, 76
2763, 76
897, 76
1124, 76
2877, 76
1051, 76
3001, 76
1382, 76
3118, 76
1296, 76
1725, 76
3248, 76
3287, 76
3297, 76
1494, 76
1506, 76
3382, 76
3410, 76
3432, 76
1686, 76
3452, 76
3468, 76
1721, 76
5176, 76
3503, 76
1751, 76
3508, 76
1757, 76
1773, 76
3597, 76
3601, 76
3641, 76
3642, 76
3644, 76
3658, 76
3685, 76
3766, 76
3793, 76
3859, 76
3873, 76
3902, 76
3910, 76
5468, 76
3920, 76
3974, 76
4019, 76
4057, 76
4135, 76
4139, 76
5653, 76
4204, 76
5806, 76
4417, 76
4458, 76
4517, 76
4577, 76
4588, 76
4633, 76
4673, 76
4794, 76
4850, 76
4856, 76
4875, 76
4884, 76
4917, 76
4936, 76
4946, 76
5264, 76
4981, 76
5028, 76
5178, 76
5194, 76
5198, 76
5218, 76
5282, 76
5295, 76
5358, 76
5369, 76
5397, 76
5454, 76
5458, 76
5521, 76
5624, 76
5655, 76
5658, 76
5659, 76
5692, 76
5735, 76
5747, 76
5669, 76
5772, 76
5821, 76
5819, 76
5842, 76
5857, 76
5873, 76
5926, 76
5930, 76
5936, 76
6013, 76
6021, 76
6073, 76
6083, 76
6115, 76
6134, 76
6165, 76
6177, 76
6182, 76
6219, 76
6263, 76
6274, 76
6285, 76
39, 75
3998, 75
1951, 75
80, 75
2000, 75
93, 75
2388, 75
2153, 75
2161, 75
273, 75
2271, 75
2273, 75
1366, 75
2357, 75
425, 75
2446, 75
2478, 75
2489, 75
519, 75
2509, 75
2525, 75
2556, 75
724, 75
2680, 75
2691, 75
2724, 75
2728, 75
844, 75
861, 75
2755, 75
961, 75
1783, 75
2849, 75
2873, 75
981, 75
2894, 75
1009, 75
1015, 75
1055, 75
2969, 75
1076, 75
1082, 75
1154, 75
1200, 75
4907, 75
3106, 75
1257, 75
3139, 75
3160, 75
1363, 75
3552, 75
3251, 75
1409, 75
1410, 75
3272, 75
3285, 75
1442, 75
1467, 75
3316, 75
1626, 75
1630, 75
1638, 75
1676, 75
1698, 75
3498, 75
3506, 75
3513, 75
3525, 75
3537, 75
3561, 75
3573, 75
3602, 75
1878, 75
1884, 75
3673, 75
3643, 75
3829, 75
3887, 75
3909, 75
3899, 75
3928, 75
4005, 75
4026, 75
4061, 75
4116, 75
4239, 75
5289, 75
4258, 75
4268, 75
4277, 75
4351, 75
4488, 75
4567, 75
4642, 75
4662, 75
4737, 75
4774, 75
4784, 75
4785, 75
4837, 75
4832, 75
4858, 75
4860, 75
4914, 75
4926, 75
4927, 75
4933, 75
4938, 75
6242, 75
5043, 75
5058, 75
5062, 75
5075, 75
5151, 75
5166, 75
5572, 75
5423, 75
5448, 75
5460, 75
5464, 75
5489, 75
5499, 75
5523, 75
5526, 75
5531, 75
5562, 75
5592, 75
5744, 75
5664, 75
5766, 75
5765, 75
5784, 75
5897, 75
5927, 75
6011, 75
5991, 75
5993, 75
6019, 75
6031, 75
6047, 75
6052, 75
6070, 75
6098, 75
6116, 75
6118, 75
6128, 75
6147, 75
6186, 75
6254, 75
6259, 75
975, 74
35, 74
2168, 74
1924, 74
48, 74
84, 74
90, 74
2096, 74
197, 74
204, 74
205, 74
220, 74
242, 74
2231, 74
1498, 74
2260, 74
2328, 74
405, 74
429, 74
441, 74
465, 74
580, 74
528, 74
2514, 74
555, 74
1610, 74
1500, 74
746, 74
2577, 74
745, 74
2676, 74
773, 74
781, 74
784, 74
2738, 74
2762, 74
2780, 74
2816, 74
936, 74
1661, 74
2829, 74
2833, 74
2876, 74
2865, 74
2890, 74
2952, 74
2962, 74
1119, 74
3011, 74
1159, 74
3098, 74
1216, 74
1308, 74
1314, 74
3186, 74
3241, 74
1399, 74
3276, 74
3271, 74
3307, 74
1478, 74
3348, 74
1550, 74
3375, 74
1579, 74
3372, 74
3381, 74
3390, 74
3413, 74
3483, 74
1742, 74
3517, 74
3540, 74
3544, 74
3554, 74
1828, 74
3600, 74
1857, 74
1871, 74
3706, 74
3755, 74
3814, 74
3838, 74
3866, 74
3938, 74
4056, 74
4104, 74
4138, 74
4169, 74
4260, 74
4271, 74
4325, 74
4372, 74
4390, 74
4446, 74
4454, 74
4485, 74
4476, 74
4513, 74
4533, 74
4541, 74
4601, 74
4606, 74
4645, 74
4656, 74
4685, 74
4703, 74
4728, 74
4753, 74
4773, 74
4786, 74
4817, 74
4932, 74
4941, 74
4948, 74
5938, 74
5044, 74
5109, 74
5143, 74
5150, 74
5183, 74
5189, 74
5228, 74
5276, 74
5284, 74
5306, 74
5309, 74
5330, 74
5335, 74
5383, 74
5410, 74
5416, 74
5422, 74
5461, 74
5462, 74
5505, 74
5594, 74
5614, 74
5647, 74
5711, 74
5738, 74
5791, 74
5801, 74
5829, 74
5839, 74
5879, 74
5896, 74
5923, 74
5928, 74
5932, 74
5944, 74
5951, 74
6029, 74
6125, 74
6146, 74
6155, 74
6212, 74
6215, 74
6239, 74
6253, 74
27, 73
1987, 73
131, 73
2390, 73
239, 73
277, 73
2245, 73
2251, 73
1093, 73
4152, 73
4154, 73
360, 73
372, 73
2363, 73
2436, 73
4829, 73
4830, 73
1372, 73
1353, 73
2530, 73
603, 73
611, 73
2549, 73
617, 73
624, 73
2610, 73
829, 73
836, 73
1705, 73
2777, 73
2801, 73
2809, 73
2811, 73
927, 73
2851, 73
2891, 73
2908, 73
2950, 73
1035, 73
1083, 73
1111, 73
3043, 73
1161, 73
1164, 73
4496, 73
3045, 73
1183, 73
1190, 73
1210, 73
3905, 73
3088, 73
1242, 73
3107, 73
1283, 73
1285, 73
1290, 73
3145, 73
1315, 73
1373, 73
1381, 73
5786, 73
3244, 73
1443, 73
1468, 73
3330, 73
1616, 73
1646, 73
1664, 73
3428, 73
1683, 73
3441, 73
3520, 73
3533, 73
1818, 73
3555, 73
3592, 73
3630, 73
3626, 73
3656, 73
3867, 73
3761, 73
3791, 73
3818, 73
3914, 73
3940, 73
4010, 73
4070, 73
4163, 73
4176, 73
4226, 73
4238, 73
5807, 73
4252, 73
4269, 73
4272, 73
4361, 73
4427, 73
4714, 73
4555, 73
4572, 73
4659, 73
4680, 73
4710, 73
4726, 73
4843, 73
4760, 73
4761, 73
4764, 73
4775, 73
4900, 73
4918, 73
4962, 73
4967, 73
4977, 73
4991, 73
5022, 73
5034, 73
5061, 73
5078, 73
5102, 73
5119, 73
5133, 73
5142, 73
5208, 73
5258, 73
5466, 73
5479, 73
5497, 73
5532, 73
5561, 73
5567, 73
5579, 73
5646, 73
5656, 73
5714, 73
5793, 73
5800, 73
5810, 73
5812, 73
5813, 73
6295, 73
5887, 73
5934, 73
5952, 73
5964, 73
5986, 73
5992, 73
5995, 73
6059, 73
6127, 73
6129, 73
6143, 73
6156, 73
6173, 73
6188, 73
6233, 73
6240, 73
12, 72
28, 72
36, 72
2012, 72
1096, 72
181, 72
2367, 72
2137, 72
2139, 72
216, 72
2172, 72
278, 72
2340, 72
401, 72
471, 72
2496, 72
2526, 72
615, 72
2550, 72
6132, 72
646, 72
2565, 72
2647, 72
716, 72
729, 72
2704, 72
787, 72
794, 72
2727, 72
903, 72
905, 72
912, 72
2817, 72
943, 72
4411, 72
4123, 72
4974, 72
978, 72
2883, 72
2902, 72
2925, 72
2967, 72
2980, 72
1106, 72
1125, 72
1341, 72
5518, 72
5519, 72
3089, 72
1265, 72
3128, 72
3176, 72
3234, 72
3286, 72
4970, 72
3298, 72
1450, 72
3320, 72
1497, 72
3354, 72
1586, 72
1588, 72
1621, 72
1623, 72
1627, 72
1633, 72
3422, 72
3429, 72
3522, 72
1804, 72
3576, 72
3588, 72
1856, 72
3800, 72
3676, 72
3653, 72
3688, 72
3690, 72
3785, 72
3817, 72
3820, 72
3832, 72
3990, 72
3952, 72
4117, 72
4155, 72
4168, 72
4229, 72
4259, 72
4316, 72
4393, 72
5778, 72
4470, 72
4481, 72
4506, 72
4529, 72
4548, 72
4564, 72
4556, 72
4558, 72
4561, 72
4574, 72
4585, 72
4608, 72
4675, 72
4686, 72
4684, 72
4692, 72
4712, 72
4717, 72
4745, 72
4736, 72
4742, 72
4757, 72
4814, 72
4815, 72
4959, 72
4925, 72
4954, 72
5814, 72
5113, 72
5129, 72
5197, 72
5223, 72
5233, 72
5255, 72
5259, 72
5246, 72
5248, 72
5360, 72
5382, 72
5394, 72
5402, 72
5409, 72
5435, 72
5433, 72
5548, 72
5555, 72
5576, 72
5582, 72
5595, 72
5596, 72
5597, 72
5598, 72
5631, 72
5722, 72
5805, 72
5856, 72
6086, 72
6114, 72
6250, 72
6281, 72
6192, 72
6211, 72
6230, 72
6231, 72
6271, 72
6272, 72
1932, 71
1993, 71
72, 71
98, 71
2056, 71
139, 71
2110, 71
2369, 71
2140, 71
1114, 71
2195, 71
319, 71
332, 71
2315, 71
502, 71
506, 71
536, 71
539, 71
5235, 71
592, 71
594, 71
2567, 71
672, 71
688, 71
733, 71
805, 71
2753, 71
2807, 71
2824, 71
953, 71
954, 71
966, 71
2895, 71
1760, 71
2912, 71
2926, 71
2939, 71
1065, 71
1078, 71
1174, 71
1185, 71
3670, 71
1263, 71
5199, 71
3131, 71
3246, 71
3255, 71
3278, 71
1484, 71
1525, 71
6061, 71
1555, 71
1617, 71
3447, 71
3451, 71
3484, 71
1758, 71
3536, 71
3603, 71
3627, 71
3639, 71
3703, 71
3741, 71
3835, 71
5162, 71
6168, 71
4188, 71
4209, 71
4253, 71
4302, 71
4322, 71
4337, 71
4340, 71
4342, 71
4374, 71
4384, 71
4387, 71
5780, 71
4489, 71
4602, 71
4610, 71
4615, 71
4651, 71
6036, 71
6037, 71
4666, 71
4767, 71
4782, 71
4853, 71
4867, 71
4886, 71
4902, 71
4951, 71
4963, 71
4987, 71
5005, 71
5031, 71
5076, 71
5153, 71
5207, 71
5212, 71
5244, 71
5253, 71
5275, 71
5290, 71
5293, 71
5385, 71
5398, 71
5432, 71
5488, 71
5492, 71
5549, 71
5602, 71
5621, 71
5632, 71
5637, 71
5639, 71
5686, 71
5720, 71
5728, 71
5743, 71
5768, 71
5818, 71
5876, 71
5883, 71
5907, 71
5910, 71
5915, 71
5925, 71
5966, 71
6003, 71
6032, 71
6057, 71
6066, 71
6092, 71
6142, 71
6151, 71
6251, 71
6170, 71
6184, 71
6208, 71
6209, 71
6277, 71
1970, 70
1966, 70
2043, 70
161, 70
2123, 70
2136, 70
2240, 70
304, 70
2256, 70
320, 70
399, 70
461, 70
2458, 70
499, 70
540, 70
542, 70
2542, 70
2536, 70
601, 70
608, 70
670, 70
675, 70
2588, 70
2623, 70
2644, 70
723, 70
2685, 70
775, 70
4410, 70
2872, 70
972, 70
974, 70
2863, 70
2878, 70
1014, 70
2921, 70
2946, 70
2956, 70
2963, 70
1075, 70
2979, 70
3026, 70
1187, 70
1201, 70
1204, 70
3072, 70
5192, 70
3197, 70
1356, 70
3226, 70
1386, 70
1404, 70
1405, 70
1413, 70
1446, 70
1448, 70
1455, 70
1473, 70
3361, 70
3355, 70
3431, 70
1687, 70
1796, 70
1810, 70
1819, 70
1820, 70
3802, 70
1883, 70
3663, 70
3745, 70
3876, 70
3957, 70
3964, 70
4021, 70
4025, 70
4028, 70
4047, 70
4112, 70
4142, 70
4228, 70
4243, 70
4247, 70
4284, 70
4308, 70
5516, 70
5517, 70
4346, 70
4378, 70
4399, 70
4538, 70
4500, 70
4510, 70
4521, 70
4535, 70
4542, 70
4591, 70
4592, 70
4593, 70
4604, 70
4611, 70
4671, 70
4674, 70
4696, 70
4870, 70
4910, 70
4920, 70
4930, 70
4956, 70
4968, 70
4972, 70
4984, 70
5026, 70
5063, 70
5104, 70
5134, 70
5195, 70
5257, 70
5273, 70
5347, 70
5373, 70
5375, 70
5388, 70
5485, 70
5543, 70
5544, 70
5547, 70
5585, 70
5578, 70
5599, 70
5625, 70
5650, 70
5654, 70
5671, 70
5673, 70
5674, 70
5687, 70
5693, 70
5701, 70
5755, 70
5862, 70
5968, 70
6018, 70
6022, 70
6058, 70
6075, 70
6089, 70
6169, 70
6185, 70
6227, 70
6235, 70
6298, 70
42, 69
1931, 69
2145, 69
2247, 69
310, 69
349, 69
2289, 69
362, 69
374, 69
384, 69
2386, 69
403, 69
497, 69
533, 69
613, 69
622, 69
631, 69
655, 69
2688, 69
2692, 69
807, 69
1149, 69
2775, 69
2830, 69
952, 69
1000, 69
1102, 69
2998, 69
1136, 69
1226, 69
3130, 69
3135, 69
3203, 69
1368, 69
3262, 69
3263, 69
3269, 69
1493, 69
1514, 69
3369, 69
1619, 69
1634, 69
3388, 69
1697, 69
3521, 69
1799, 69
1811, 69
3567, 69
5797, 69
3792, 69
3824, 69
3901, 69
4049, 69
4078, 69
4161, 69
4196, 69
4225, 69
4289, 69
4279, 69
4562, 69
4590, 69
4595, 69
4683, 69
4716, 69
4722, 69
4732, 69
4729, 69
4750, 69
4751, 69
4759, 69
4805, 69
4826, 69
4881, 69
4923, 69
5851, 69
5853, 69
4999, 69
5021, 69
5060, 69
5141, 69
5185, 69
5303, 69
5331, 69
5363, 69
5408, 69
5955, 69
5447, 69
5480, 69
5556, 69
5610, 69
5739, 69
5740, 69
5668, 69
5789, 69
5847, 69
5888, 69
5917, 69
5957, 69
6010, 69
5996, 69
6067, 69
6077, 69
6078, 69
6094, 69
6102, 69
6111, 69
6124, 69
6135, 69
6157, 69
6221, 69
6247, 69
6269, 69
6270, 69
6282, 69
6276, 69
61, 68
2102, 68
194, 68
207, 68
2174, 68
259, 68
1302, 68
287, 68
764, 68
317, 68
340, 68
413, 68
5502, 68
467, 68
537, 68
544, 68
2508, 68
634, 68
2573, 68
2725, 68
1147, 68
2806, 68
964, 68
1778, 68
2896, 68
993, 68
1735, 68
2913, 68
3191, 68
1098, 68
1104, 68
4498, 68
3195, 68
3291, 68
3317, 68
1483, 68
1521, 68
1585, 68
1596, 68
3478, 68
3545, 68
3556, 68
3662, 68
3742, 68
3853, 68
3880, 68
3889, 68
3943, 68
3944, 68
3965, 68
3972, 68
3976, 68
4144, 68
4175, 68
4187, 68
4208, 68
4212, 68
4216, 68
4233, 68
4244, 68
4267, 68
4299, 68
4320, 68
4335, 68
4509, 68
4649, 68
4731, 68
4730, 68
4755, 68
4840, 68
4810, 68
4898, 68
5891, 68
5892, 68
4952, 68
5937, 68
4993, 68
4997, 68
5038, 68
5055, 68
5079, 68
5122, 68
5216, 68
5226, 68
5230, 68
5242, 68
5271, 68
5367, 68
5386, 68
5387, 68
5411, 68
5438, 68
5465, 68
5558, 68
5586, 68
5640, 68
5691, 68
5695, 68
5726, 68
5736, 68
5830, 68
5899, 68
5900, 68
5905, 68
5906, 68
6009, 68
5979, 68
5989, 68
5990, 68
6035, 68
6044, 68
6093, 68
6105, 68
6107, 68
6166, 68
6153, 68
6167, 68
6175, 68
6222, 68
6258, 68
6268, 68
19, 67
1938, 67
68, 67
75, 67
99, 67
1419, 67
2095, 67
2156, 67
237, 67
1704, 67
2299, 67
373, 67
2346, 67
2342, 67
449, 67
2483, 67
2459, 67
2562, 67
625, 67
1432, 67
656, 67
1844, 67
2591, 67
766, 67
2700, 67
2730, 67
887, 67
2800, 67
929, 67
2831, 67
988, 67
994, 67
1053, 67
3012, 67
3040, 67
3865, 67
1188, 67
3062, 67
1206, 67
1220, 67
1238, 67
1266, 67
3264, 67
3274, 67
1416, 67
3295, 67
1463, 67
1469, 67
3324, 67
1532, 67
6062, 67
3359, 67
1577, 67
3529, 67
3500, 67
1839, 67
3610, 67
3659, 67
3704, 67
3747, 67
3762, 67
3765, 67
3773, 67
3830, 67
3834, 67
3904, 67
5117, 67
3961, 67
4099, 67
4146, 67
4195, 67
4323, 67
4326, 67
4349, 67
4353, 67
4356, 67
4392, 67
4418, 67
4473, 67
4565, 67
4569, 67
4594, 67
4598, 67
4607, 67
4618, 67
4626, 67
4630, 67
4747, 67
4748, 67
4834, 67
4911, 67
4916, 67
4949, 67
4958, 67
5000, 67
4994, 67
5098, 67
5092, 67
5093, 67
5120, 67
5184, 67
5201, 67
5215, 67
5227, 67
5322, 67
5357, 67
5565, 67
5575, 67
5581, 67
5590, 67
5677, 67
5698, 67
5742, 67
5761, 67
5802, 67
5540, 67
5898, 67
5983, 67
6028, 67
6034, 67
6045, 67
6053, 67
6069, 67
6072, 67
6088, 67
6095, 67
6101, 67
6158, 67
6249, 67
6176, 67
6196, 67
6205, 67
6248, 67
1992, 66
185, 66
2365, 66
2329, 66
2455, 66
2473, 66
515, 66
2512, 66
662, 66
2604, 66
708, 66
1641, 66
865, 66
899, 66
999, 66
2934, 66
1440, 66
2987, 66
2988, 66
1091, 66
1121, 66
1126, 66
4494, 66
3068, 66
1237, 66
1243, 66
1268, 66
1293, 66
1307, 66
1546, 66
1449, 66
3308, 66
1553, 66
1580, 66
1643, 66
1710, 66
3490, 66
1823, 66
3585, 66
3622, 66
3655, 66
3666, 66
3667, 66
3712, 66
3751, 66
3758, 66
3784, 66
3812, 66
3816, 66
3884, 66
3941, 66
3947, 66
6121, 66
5165, 66
4000, 66
4011, 66
4023, 66
4126, 66
4211, 66
4220, 66
4246, 66
5808, 66
4255, 66
4456, 66
4527, 66
4530, 66
4546, 66
4547, 66
4632, 66
4768, 66
4862, 66
5035, 66
5046, 66
5047, 66
5054, 66
5067, 66
5077, 66
5132, 66
5158, 66
5279, 66
5313, 66
5317, 66
5318, 66
5339, 66
5370, 66
5390, 66
5424, 66
5587, 66
5619, 66
5652, 66
5683, 66
5710, 66
5705, 66
5841, 66
5903, 66
5901, 66
5948, 66
6014, 66
6074, 66
6076, 66
6084, 66
6117, 66
6136, 66
6145, 66
6180, 66
6280, 66
6194, 66
6198, 66
6201, 66
6300, 66
1995, 65
3332, 65
225, 65
245, 65
402, 65
525, 65
1629, 65
596, 65
2545, 65
639, 65
641, 65
650, 65
1870, 65
709, 65
742, 65
772, 65
806, 65
2739, 65
827, 65
2771, 65
2795, 65
939, 65
950, 65
2834, 65
2922, 65
1110, 65
3042, 65
1340, 65
3157, 65
3208, 65
3267, 65
3268, 65
1460, 65
1465, 65
1479, 65
1520, 65
1562, 65
3353, 65
1678, 65
3436, 65
3474, 65
1732, 65
1743, 65
1785, 65
1858, 65
1869, 65
3645, 65
3686, 65
3692, 65
3790, 65
3847, 65
5960, 65
3939, 65
3984, 65
5163, 65
4034, 65
6232, 65
4120, 65
4182, 65
4266, 65
4290, 65
4331, 65
4401, 65
4531, 65
4631, 65
4636, 65
4637, 65
4634, 65
4734, 65
4842, 65
4807, 65
4879, 65
5006, 65
5011, 65
5019, 65
5042, 65
5052, 65
5087, 65
5090, 65
5225, 65
5251, 65
5320, 65
5420, 65
5439, 65
5453, 65
5471, 65
5478, 65
5514, 65
5533, 65
5551, 65
5607, 65
5630, 65
5648, 65
5694, 65
5712, 65
5725, 65
5753, 65
5542, 65
5827, 65
5832, 65
5838, 65
5864, 65
5914, 65
5919, 65
5935, 65
5963, 65
5970, 65
5987, 65
6012, 65
6042, 65
6050, 65
6054, 65
6110, 65
6106, 65
6163, 65
6139, 65
6141, 65
6228, 65
6234, 65
6245, 65
6289, 65
6265, 65
6266, 65
1908, 64
2116, 64
2128, 64
2178, 64
1304, 64
2239, 64
2250, 64
400, 64
475, 64
543, 64
595, 64
6133, 64
2631, 64
2674, 64
890, 64
2899, 64
2929, 64
1117, 64
3034, 64
3036, 64
3041, 64
3099, 64
3101, 64
1271, 64
1286, 64
3294, 64
3305, 64
3315, 64
3342, 64
1584, 64
3391, 64
3394, 64
1657, 64
1660, 64
1668, 64
3435, 64
3492, 64
1746, 64
1816, 64
3559, 64
1835, 64
1838, 64
3803, 64
3805, 64
1880, 64
3638, 64
3875, 64
5909, 64
3971, 64
4041, 64
4048, 64
4224, 64
4218, 64
4287, 64
4283, 64
4314, 64
4467, 64
4505, 64
4557, 64
4899, 64
5893, 64
4990, 64
4996, 64
5069, 64
5082, 64
5190, 64
5231, 64
5232, 64
5274, 64
5308, 64
5359, 64
5399, 64
5440, 64
5444, 64
5455, 64
5495, 64
5559, 64
5563, 64
5675, 64
5757, 64
5763, 64
5770, 64
5794, 64
5798, 64
5859, 64
5861, 64
6055, 64
6130, 64
6206, 64
6213, 64
6256, 64
6284, 64
6297, 64
6299, 64
37, 63
186, 63
2464, 63
511, 63
2560, 63
735, 63
783, 63
2732, 63
896, 63
948, 63
1011, 63
2990, 63
1112, 63
1186, 63
3103, 63
1241, 63
1346, 63
3199, 63
1421, 63
1474, 63
1518, 63
1523, 63
1558, 63
1640, 63
3438, 63
1737, 63
3532, 63
1813, 63
1847, 63
3611, 63
3660, 63
5796, 63
3970, 63
4008, 63
4121, 63
4433, 63
4479, 63
4475, 63
4579, 63
6038, 63
4682, 63
4841, 63
4896, 63
5894, 63
5036, 63
5032, 63
5127, 63
5286, 63
5513, 63
5622, 63
5620, 63
5642, 63
5718, 63
5758, 63
5752, 63
5665, 63
5774, 63
5826, 63
5846, 63
5870, 63
5874, 63
5961, 63
5969, 63
6004, 63
6006, 63
6065, 63
6079, 63
6100, 63
6113, 63
6148, 63
6154, 63
6199, 63
6200, 63
6203, 63
6238, 63
6260, 63
6262, 63
6264, 63
66, 62
2101, 62
2109, 62
790, 62
2242, 62
545, 62
663, 62
1841, 62
1145, 62
1153, 62
934, 62
1008, 62
2924, 62
1128, 62
1131, 62
3037, 62
1205, 62
3074, 62
1218, 62
3108, 62
1312, 62
3206, 62
3254, 62
1508, 62
3333, 62
1611, 62
1632, 62
3399, 62
3420, 62
3434, 62
1692, 62
3482, 62
3553, 62
3560, 62
3584, 62
3575, 62
1855, 62
1879, 62
3647, 62
3711, 62
3744, 62
3783, 62
5959, 62
4089, 62
4100, 62
4122, 62
4106, 62
4125, 62
4184, 62
4429, 62
4482, 62
4483, 62
4523, 62
4627, 62
4769, 62
4820, 62
4905, 62
5025, 62
5065, 62
5095, 62
5123, 62
5144, 62
5200, 62
5262, 62
5401, 62
5954, 62
5427, 62
5443, 62
5446, 62
5506, 62
5574, 62
5609, 62
5641, 62
5803, 62
5817, 62
5956, 62
5965, 62
5994, 62
6024, 62
6048, 62
6081, 62
6174, 62
6195, 62
6193, 62
6244, 62
1459, 61
2263, 61
410, 61
445, 61
2521, 61
593, 61
949, 61
2919, 61
1101, 61
3049, 61
3161, 61
1360, 61
5785, 61
3321, 61
1510, 61
1527, 61
3373, 61
1567, 61
1593, 61
1603, 61
1722, 61
1736, 61
1748, 61
3583, 61
1834, 61
3628, 61
3649, 61
3689, 61
3825, 61
3869, 61
3878, 61
3898, 61
3948, 61
4108, 61
4110, 61
4179, 61
4396, 61
4379, 61
4449, 61
4465, 61
4480, 61
4582, 61
4605, 61
4700, 61
4724, 61
5039, 61
5033, 61
5045, 61
5064, 61
5071, 61
5083, 61
5160, 61
5206, 61
5213, 61
5214, 61
5243, 61
5263, 61
5307, 61
5430, 61
5486, 61
5503, 61
5536, 61
5560, 61
5651, 61
5681, 61
5713, 61
5741, 61
5776, 61
5804, 61
5834, 61
5538, 61
5877, 61
5878, 61
5971, 61
6099, 61
6109, 61
6162, 61
6178, 61
6190, 61
6191, 61
6202, 61
6204, 61
6220, 61
6223, 61
6273, 61
0, 60
22, 60
44, 60
109, 60
2160, 60
2180, 60
408, 60
2434, 60
512, 60
2501, 60
2510, 60
588, 60
589, 60
701, 60
2717, 60
2845, 60
2882, 60
1012, 60
2983, 60
1108, 60
3009, 60
3090, 60
1276, 60
3210, 60
3222, 60
1470, 60
1551, 60
3412, 60
3458, 60
3661, 60
3693, 60
5795, 60
3857, 60
5114, 60
3955, 60
4029, 60
4167, 60
4294, 60
4313, 60
4398, 60
4514, 60
4669, 60
4800, 60
4985, 60
5145, 60
5247, 60
5356, 60
5366, 60
5426, 60
5509, 60
5588, 60
5737, 60
5661, 60
5799, 60
6292, 60
5904, 60
5924, 60
6137, 60
6252, 60
6224, 60
88, 59
2019, 59
2252, 59
2438, 59
431, 59
546, 59
2576, 59
2682, 59
752, 59
2741, 59
985, 59
2985, 59
1244, 59
1270, 59
3265, 59
1436, 59
1453, 59
1464, 59
1566, 59
3408, 59
1625, 59
1681, 59
3437, 59
3454, 59
1753, 59
3624, 59
3665, 59
3782, 59
3922, 59
6181, 59
3986, 59
4274, 59
4329, 59
4347, 59
4697, 59
4705, 59
4821, 59
5848, 59
4995, 59
5066, 59
5152, 59
5234, 59
5342, 59
5493, 59
5515, 59
6043, 59
192, 58
417, 58
428, 58
444, 58
2454, 58
618, 58
797, 58
4409, 58
5108, 58
1116, 58
1133, 58
1254, 58
1357, 58
1406, 58
3311, 58
3313, 58
1569, 58
1576, 58
1613, 58
3379, 58
1648, 58
1825, 58
3646, 58
3870, 58
3872, 58
3911, 58
5164, 58
4493, 58
4790, 58
4989, 58
5167, 58
5297, 58
5379, 58
5699, 58
5825, 58
6008, 58
5984, 58
6080, 58
6123, 58
6207, 58
6236, 58
1964, 57
299, 57
383, 57
2466, 57
2522, 57
1429, 57
636, 57
1181, 57
3078, 57
3085, 57
1260, 57
3198, 57
1499, 57
3424, 57
3430, 57
1793, 57
3664, 57
4140, 57
4420, 57
4466, 57
4596, 57
4612, 57
5329, 57
5613, 57
5649, 57
5750, 57
5811, 57
5843, 57
6229, 57
46, 56
210, 56
328, 56
1682, 56
2586, 56
743, 56
992, 56
3063, 56
5787, 56
1662, 56
1851, 56
3648, 56
6000, 56
4073, 56
4256, 56
4471, 56
4490, 56
4620, 56
4833, 56
4888, 56
5252, 56
5270, 56
5855, 56
5537, 56
5929, 56
6025, 56
6017, 56
6026, 56
6257, 56
6283, 56
154, 55
160, 55
3075, 55
1543, 55
1680, 55
3518, 55
1864, 55
3985, 55
4310, 55
4345, 55
4715, 55
4827, 55
4965, 55
5010, 55
5294, 55
5389, 55
5391, 55
5413, 55
5550, 55
5721, 55
6294, 55
5985, 55
6015, 55
6056, 55
6187, 55
6218, 55
2092, 54
439, 54
2632, 54
2808, 54
1113, 54
3387, 54
1693, 54
1874, 54
3850, 54
6279, 54
4543, 54
5302, 54
5340, 54
5670, 54
6020, 54
6051, 54
366, 53
421, 53
2426, 53
1843, 53
1148, 53
1222, 53
1403, 53
3493, 53
3640, 53
3753, 53
3776, 53
4552, 53
5266, 53
5374, 53
5762, 53
6064, 53
6217, 53
6226, 53
1998, 52
1247, 52
4803, 52
1759, 52
3739, 52
5702, 52
6082, 52
6225, 52
6286, 52
647, 51
1398, 51
5849, 51
4937, 51
5204, 51
6016, 51
599, 50
1046, 50
5311, 50
3425, 50
3426, 50
3657, 50
3668, 50
5833, 50
5836, 50
4725, 49
4901, 48
5459, 47
2352, 43
516, 43
1674, 42
